ImageNet (base prompt),0.5178237175203394
ImageNet (no prompt),0.5178237175203394
